rowid,faults_per_record,capacity,error_rate,flip_probability,experiment,metadata.creation_dt,metadata.last_execution_dt,metrics.runtime.sum,metrics.runtime.mean,metrics.runtime.std,metrics.runtime.max,metrics.runtime.min,metrics.energy.metric_md.unit,metrics.energy.sum,metrics.energy.mean,metrics.energy.std,metrics.energy.max,metrics.energy.min,metrics.power.metric_md.unit,metrics.power.sum,metrics.power.mean,metrics.power.std,metrics.power.max,metrics.power.min,metrics.dram_mem.metric_md.unit,metrics.dram_mem.sum,metrics.dram_mem.mean,metrics.dram_mem.std,metrics.dram_mem.max,metrics.dram_mem.min
0,1,100,0.1,0.1,1_100_0.1_0.1_8192_POW_A_10000.csv_POW_B_1_10000.csv,2025-04-09T17:14:21.764,2025-04-09T17:14:21.764,1481.49322509766,296.298645019531,9.25569248970691,313.220184326172,284.804168701172,J,51921.8818359375,10384.3763671875,288.493944844082,10916.0185546875,10034.375,W,175.271915435791,35.0543830871582,0.121094186132169,35.2343063354492,34.8547782897949,B,59090285669,11818057133.8,426573973.02313,12507510254,11314580476
2,1,100,0.1,0.0,1_100_0.1_0_8192_POW_A_10000.csv_POW_B_1_10000.csv,2025-04-09T16:23:37.592,2025-04-09T16:23:37.592,1457.01895141602,291.403790283203,11.0639098088162,313.266510009766,284.10546875,J,51339.1220703125,10267.8244140625,336.305293467749,10933.751953125,10059.0849609375,W,176.208824157715,35.241764831543,0.178197752888143,35.4064025878906,34.9030914306641,B,63052349529,12610469905.8,695824752.529895,13317814307,11449668429
4,1,200,0.1,0.01,1_200_0.1_0.01_8192_POW_A_10000.csv_POW_B_1_10000.csv,2025-04-09T20:46:46.400,2025-04-09T20:46:46.400,1943.35217285156,388.670434570313,18.099656327447,424.384002685547,374.328735351563,J,67160.3173828125,13432.0634765625,513.187320733077,14441.5498046875,13013.84375,W,172.897094726563,34.5794189453125,0.274534953463825,34.7739715576172,34.0397529602051,B,59699827418,11939965483.6,490105953.46148,12492053830,11067409682
6,1,200,0.1,0.0,1_200_0.1_0_8192_POW_A_10000.csv_POW_B_1_10000.csv,2025-04-09T20:13:26.590,2025-04-09T20:13:26.590,1935.05621337891,387.011242675781,17.8360494825638,422.159729003906,374.882659912109,J,66461.513671875,13292.302734375,512.408781362177,14300.451171875,12933.5634765625,W,171.794216156006,34.3588432312012,0.248144888539828,34.5902938842773,33.882453918457,B,60231625555,12046325111.0,535175120.755003,12475744866,11040567672
9,1,100,0.01,0.1,1_100_0.01_0.1_8192_POW_A_10000.csv_POW_B_1_10000.csv,2025-04-09T15:50:09.951,2025-04-09T15:50:09.951,1942.89978027344,388.579956054688,20.0755366541725,428.718597412109,377.612487792969,J,68212.4111328125,13642.4822265625,831.008279264868,15290.4619140625,13139.185546875,W,175.506355285645,35.1012710571289,0.389897679746104,35.6761703491211,34.7386589050293,B,60299821681,12059964336.2,568483282.727015,12411252315,10925416562
12,1,100,0.1,0.01,1_100_0.1_0.01_8192_POW_A_10000.csv_POW_B_1_10000.csv,2025-04-09T16:48:59.351,2025-04-09T16:48:59.351,1457.65603637695,291.531207275391,10.8410400151288,313.205841064453,285.666015625,J,51248.71875,10249.74375,329.264893993985,10907.859375,10065.439453125,W,175.832180023193,35.1664360046387,0.172942160184211,35.3170166015625,34.8279838562012,B,62225422173,12445084434.6,492481524.89796,12707213897,11460350823
13,1,100,0.01,0.0,1_100_0.01_0_8192_POW_A_10000.csv_POW_B_1_10000.csv,2025-04-09T14:42:10.224,2025-04-09T14:42:10.224,1983.24215698242,396.648431396484,21.9172955621345,439.965484619141,379.929016113281,J,73406.322265625,14681.264453125,844.310820824991,16323.525390625,14030.654296875,W,185.10120010376,37.020240020752,0.314848608147799,37.4178504943848,36.4741935729981,B,60625823494,12125164698.8,539681206.826648,12646990231,11203150836
14,1,100,0.01,0.01,1_100_0.01_0.01_8192_POW_A_10000.csv_POW_B_1_10000.csv,2025-04-09T15:16:18.229,2025-04-09T15:16:18.229,1966.96655273438,393.393310546875,17.6458814480816,428.114288330078,380.945648193359,J,71099.140625,14219.828125,563.82263103991,15333.51953125,13821.5625,W,180.810218811035,36.162043762207,0.18555488646616,36.354923248291,35.8257141113281,B,59371690242,11874338048.4,533031577.737866,12391797797,10926236038
15,1,200,0.01,0.01,1_200_0.01_0.01_8192_POW_A_10000.csv_POW_B_1_10000.csv,2025-04-09T18:31:13.552,2025-04-09T18:31:13.552,2971.93481445313,594.386962890625,43.6758847843298,681.269836425781,568.359313964844,J,100524.70703125,20104.94140625,1253.46387344419,22604.0859375,19390.5546875,W,169.278129577637,33.8556259155273,0.349999903616416,34.1443252563477,33.185848236084,B,58555954668,11711190933.6,667926006.383147,12071566311,10375780780
16,1,200,0.1,0.1,1_200_0.1_0.1_8192_POW_A_10000.csv_POW_B_1_10000.csv,2025-04-09T21:20:14.521,2025-04-09T21:20:14.521,1964.70025634766,392.940051269531,17.1005001022675,423.881896972656,377.659973144531,J,68062.20703125,13612.44140625,496.457543983659,14506.19921875,13161.416015625,W,173.298625946045,34.659725189209,0.236482915069314,34.894588470459,34.2305297851563,B,58642794946,11728558989.2,724072234.022385,12430530316,10451849659
19,1,200,0.01,0.0,1_200_0.01_0_8192_POW_A_10000.csv_POW_B_1_10000.csv,2025-04-09T17:40:08.014,2025-04-09T17:40:08.014,3000.75524902344,600.151049804688,41.0570339030593,681.383972167969,569.340209960938,J,101342.1875,20268.4375,1187.83956839895,22615.28125,19347.40625,W,168.984302520752,33.7968605041504,0.303428469928305,34.0015983581543,33.195987701416,B,56654792344,11330958468.8,494665495.544588,11796028937,10408285299
22,1,200,0.01,0.1,1_200_0.01_0.1_8192_POW_A_10000.csv_POW_B_1_10000.csv,2025-04-09T19:21:50.229,2025-04-09T19:21:50.229,3031.58563232422,606.317126464844,38.7477439757277,681.609680175781,579.613220214844,J,102092.94921875,20418.58984375,1124.32167119427,22606.5546875,19645.75390625,W,168.51704788208,33.703409576416,0.290168302579428,33.9967269897461,33.1738777160645,B,56407212063,11281442412.6,502964203.523827,11799241303,10397434137
