,experiment,id,type,regions,deviceType,processed,metadata.creation_dt,metadata.last_execution_dt,metrics.runtime.type,metrics.runtime.metric_md.unit,metrics.runtime.metric_md.mag,metrics.runtime.metric_md.dtype,metrics.runtime.metric_md.min,metrics.runtime.metric_md.max,metrics.runtime.metric_md.fill,metrics.runtime.sum,metrics.runtime.mean,metrics.runtime.std,metrics.runtime.max,metrics.runtime.min,metrics.energy.type,metrics.energy.metric_md.unit,metrics.energy.metric_md.mag,metrics.energy.metric_md.dtype,metrics.energy.metric_md.min,metrics.energy.metric_md.max,metrics.energy.metric_md.fill,metrics.energy.sum,metrics.energy.mean,metrics.energy.std,metrics.energy.max,metrics.energy.min,metrics.power.type,metrics.power.metric_md.unit,metrics.power.metric_md.mag,metrics.power.metric_md.dtype,metrics.power.metric_md.min,metrics.power.metric_md.max,metrics.power.metric_md.fill,metrics.power.sum,metrics.power.mean,metrics.power.std,metrics.power.max,metrics.power.min,metrics.cpu_energy.type,metrics.cpu_energy.metric_md.unit,metrics.cpu_energy.metric_md.mag,metrics.cpu_energy.metric_md.dtype,metrics.cpu_energy.metric_md.min,metrics.cpu_energy.metric_md.max,metrics.cpu_energy.metric_md.fill,metrics.cpu_energy.sum,metrics.cpu_energy.mean,metrics.cpu_energy.std,metrics.cpu_energy.max,metrics.cpu_energy.min,metrics.cpu_power.type,metrics.cpu_power.metric_md.unit,metrics.cpu_power.metric_md.mag,metrics.cpu_power.metric_md.dtype,metrics.cpu_power.metric_md.min,metrics.cpu_power.metric_md.max,metrics.cpu_power.metric_md.fill,metrics.cpu_power.sum,metrics.cpu_power.mean,metrics.cpu_power.std,metrics.cpu_power.max,metrics.cpu_power.min,metrics.cpu_util.type,metrics.cpu_util.metric_md.unit,metrics.cpu_util.metric_md.mag,metrics.cpu_util.metric_md.dtype,metrics.cpu_util.metric_md.min,metrics.cpu_util.metric_md.max,metrics.cpu_util.metric_md.fill,metrics.cpu_util.sum,metrics.cpu_util.mean,metrics.cpu_util.std,metrics.cpu_util.max,metrics.cpu_util.min,metrics.net_read.type,metrics.net_read.metric_md.unit,metrics.net_read.metric_md.mag,metrics.net_read.metric_md.dtype,metrics.net_read.metric_md.min,metrics.net_read.metric_md.max,metrics.net_read.metric_md.fill,metrics.net_read.sum,metrics.net_read.mean,metrics.net_read.std,metrics.net_read.max,metrics.net_read.min,metrics.net_write.type,metrics.net_write.metric_md.unit,metrics.net_write.metric_md.mag,metrics.net_write.metric_md.dtype,metrics.net_write.metric_md.min,metrics.net_write.metric_md.max,metrics.net_write.metric_md.fill,metrics.net_write.sum,metrics.net_write.mean,metrics.net_write.std,metrics.net_write.max,metrics.net_write.min,metrics.dram_mem.type,metrics.dram_mem.metric_md.unit,metrics.dram_mem.metric_md.mag,metrics.dram_mem.metric_md.dtype,metrics.dram_mem.metric_md.min,metrics.dram_mem.metric_md.max,metrics.dram_mem.metric_md.fill,metrics.dram_mem.sum,metrics.dram_mem.mean,metrics.dram_mem.std,metrics.dram_mem.max,metrics.dram_mem.min,metrics.disk_write.type,metrics.disk_write.metric_md.unit,metrics.disk_write.metric_md.mag,metrics.disk_write.metric_md.dtype,metrics.disk_write.metric_md.min,metrics.disk_write.metric_md.max,metrics.disk_write.metric_md.fill,metrics.disk_write.sum,metrics.disk_write.mean,metrics.disk_write.std,metrics.disk_write.max,metrics.disk_write.min,metrics.disk_read.type,metrics.disk_read.metric_md.unit,metrics.disk_read.metric_md.mag,metrics.disk_read.metric_md.dtype,metrics.disk_read.metric_md.min,metrics.disk_read.metric_md.max,metrics.disk_read.metric_md.fill,metrics.disk_read.sum,metrics.disk_read.mean,metrics.disk_read.std,metrics.disk_read.max,metrics.disk_read.min,metrics.money.type,metrics.money.metric_md.unit,metrics.money.metric_md.mag,metrics.money.metric_md.dtype,metrics.money.metric_md.min,metrics.money.metric_md.max,metrics.money.metric_md.fill,metrics.money.sum,metrics.money.mean,metrics.money.std,metrics.money.max,metrics.money.min,metrics.co2.type,metrics.co2.metric_md.unit,metrics.co2.metric_md.mag,metrics.co2.metric_md.dtype,metrics.co2.metric_md.min,metrics.co2.metric_md.max,metrics.co2.metric_md.fill,metrics.co2.sum,metrics.co2.mean,metrics.co2.std,metrics.co2.max,metrics.co2.min
0,1_200_0.1_0.01_8192_POW_A_5000.csv_POW_B_1_5000.csv,encoding_data_5.0,1,,,True,2026-04-02T04:43:58.098748,2026-04-02T04:43:58.098748,runtime,s,1.0,float32,0.0,3.4028234663852886e+38,-1.0,297.8836364746094,99.29454549153645,0.23929587407996333,99.52970886230469,98.9662094116211,energy,J,1.0,float32,0.0,3.4028234663852886e+38,-1.0,12725.4677734375,4241.822591145833,10.093947349275144,4251.0791015625,4227.783203125,power,W,1.0,float32,0.0,3.4028234663852886e+38,-1.0,128.13422775268555,42.71140925089518,0.04577547817779815,42.76897048950195,42.65697479248047,cpu_energy,J,1.0,float32,0.0,3.4028234663852886e+38,-1.0,12725.4677734375,4241.82275390625,10.093947410583496,4251.0791015625,4227.783203125,cpu_power,W,1.0,float32,0.0,3.4028234663852886e+38,-1.0,128.1342315673828,42.71141052246094,0.045775480568408966,42.76897048950195,42.65697479248047,cpu_util,%,1.0,float32,0.0,100.0,-1.0,22.051097869873047,7.350366115570068,0.007615894079208374,7.36099910736084,7.343564510345459,net_read,B,1.0,uint64,0,18446744073709551615,18446744073709551615,1104496,368165.3333333333,10813.545127395651,383430,359732,net_write,B,1.0,uint64,0,18446744073709551615,18446744073709551615,116070,38690.0,4094.9730971847257,44433,35173,dram_mem,B,1.0,uint64,0,18446744073709551615,18446744073709551615,20593890238,6864630079.333333,34861656.62304148,6902141374,6818167398,disk_write,B,1.0,uint64,0,18446744073709551615,18446744073709551615,2454690816,818230272.0,106826206.34395054,947111936,685526016,disk_read,B,1.0,uint64,0,18446744073709551615,18446744073709551615,1880064,626688.0,505844.2535748199,1244160,5120,money,,1.0,float32,0.0,3.4028234663852886e+38,0.0,0.0011491804369845918,0.0003830601456615306,9.115395231248211e-07,0.0003838960599772135,0.0003817923109266493,co2,g,1.0,float32,0.0,3.4028234663852886e+38,0.0,1.4768612321506076,0.4922870773835359,0.0011714586673686543,0.49336134684244787,0.490657728407118
1,1_200_0.1_0.01_8192_POW_A_20000.csv_POW_B_1_20000.csv,encoding_data_5.0,1,,,True,2026-04-02T04:49:09.561166,2026-04-02T04:49:09.561166,runtime,s,1.0,float32,0.0,3.4028234663852886e+38,-1.0,4946.8321533203125,1648.9440511067708,78.74408599898888,1760.3031005859375,1592.700439453125,energy,J,1.0,float32,0.0,3.4028234663852886e+38,-1.0,210828.3046875,70276.1015625,2794.369660688757,74227.34375,68241.1796875,power,W,1.0,float32,0.0,3.4028234663852886e+38,-1.0,127.90581893920898,42.63527297973633,0.33030598601911615,42.89021301269531,42.1688232421875,cpu_energy,J,1.0,float32,0.0,3.4028234663852886e+38,-1.0,210828.3125,70276.1015625,2794.36962890625,74227.34375,68241.1796875,cpu_power,W,1.0,float32,0.0,3.4028234663852886e+38,-1.0,127.90582275390625,42.63527297973633,0.3303059935569763,42.89021301269531,42.1688232421875,cpu_util,%,1.0,float32,0.0,100.0,-1.0,22.137386322021484,7.379128932952881,0.00648427614942193,7.388268947601318,7.373918533325195,net_read,B,1.0,uint64,0,18446744073709551615,18446744073709551615,18099919,6033306.333333333,180889.6070763111,6289116,5903778,net_write,B,1.0,uint64,0,18446744073709551615,18446744073709551615,2048922,682974.0,66530.38873076474,775021,620070,dram_mem,B,1.0,uint64,0,18446744073709551615,18446744073709551615,99020716777,33006905592.333332,2822169134.223701,35010467053,29015766396,disk_write,B,1.0,uint64,0,18446744073709551615,18446744073709551615,52306090496,17435363498.666668,662281916.2179127,18369378816,16908043776,disk_read,B,1.0,uint64,0,18446744073709551615,18446744073709551615,275077632,91692544.0,119536387.32943985,260667904,2855424,money,,1.0,float32,0.0,3.4028234663852886e+38,0.0,0.019038967181640623,0.006346322393880208,0.0002523471046360879,0.006703141514756945,0.00616255764344618,co2,g,1.0,float32,0.0,3.4028234663852886e+38,0.0,24.467796027343752,8.155932009114585,0.3243021233988233,8.614495616319445,7.919768020399306
2,1_100_0.01_0.01_8192_POW_A_2000.csv_POW_B_1_2000.csv,encoding_data_5.0,1,,,True,2026-04-01T14:21:20.550524,2026-04-01T14:21:20.550524,runtime,s,1.0,float32,0.0,3.4028234663852886e+38,-1.0,44.67946910858154,14.893156369527182,0.03291995969287196,14.93465805053711,14.854135513305664,energy,J,1.0,float32,0.0,3.4028234663852886e+38,-1.0,1615.5510864257812,538.5170288085938,1.5284839343477234,540.6101684570312,537.0030517578125,power,W,1.0,float32,0.0,3.4028234663852886e+38,-1.0,108.59763717651367,36.199212392171226,0.05154637327148497,36.272003173828125,36.159400939941406,cpu_energy,J,1.0,float32,0.0,3.4028234663852886e+38,-1.0,1615.5511474609375,538.5170288085938,1.5284838676452637,540.6101684570312,537.0030517578125,cpu_power,W,1.0,float32,0.0,3.4028234663852886e+38,-1.0,108.5976333618164,36.19921112060547,0.0515463724732399,36.272003173828125,36.159400939941406,cpu_util,%,1.0,float32,0.0,100.0,-1.0,13.918749809265137,4.639583110809326,0.010622857138514519,4.649999618530273,4.625,net_read,B,1.0,uint64,0,18446744073709551615,18446744073709551615,239499,79833.0,8867.140689083488,88839,67773,net_write,B,1.0,uint64,0,18446744073709551615,18446744073709551615,21362,7120.666666666667,900.6609918400054,8060,5906,dram_mem,B,1.0,uint64,0,18446744073709551615,18446744073709551615,16133359872,5377786624.0,82110473.11666991,5482568960,5282051584,disk_write,B,1.0,uint64,0,18446744073709551615,18446744073709551615,554479616,184826538.66666666,131154767.86556394,318939136,6807552,disk_read,B,1.0,uint64,0,18446744073709551615,18446744073709551615,2077696,692565.3333333334,962109.7462297231,2053120,0,money,,1.0,float32,0.0,3.4028234663852886e+38,0.0,0.00014589323838806154,4.863107946268718e-05,1.380305908490144e-07,4.8820101601494684e-05,4.849435892401801e-05,co2,g,1.0,float32,0.0,3.4028234663852886e+38,0.0,0.1874936788635254,0.062497892954508465,0.00017738905215847076,0.06274081343926324,0.06232218750678168
3,1_200_0.1_0_8192_POW_A_5000.csv_POW_B_1_5000.csv,encoding_data_5.0,1,,,True,2026-04-02T03:13:24.327877,2026-04-02T03:13:24.327877,runtime,s,1.0,float32,0.0,3.4028234663852886e+38,-1.0,295.20296478271484,98.40098826090495,0.19287730675091555,98.6662826538086,98.21341705322266,energy,J,1.0,float32,0.0,3.4028234663852886e+38,-1.0,12619.91796875,4206.639322916667,9.581842447494221,4216.1943359375,4193.54052734375,power,W,1.0,float32,0.0,3.4028234663852886e+38,-1.0,128.21481323242188,42.73827107747396,0.09421430747380244,42.871498107910156,42.670101165771484,cpu_energy,J,1.0,float32,0.0,3.4028234663852886e+38,-1.0,12619.91796875,4206.63916015625,9.581842422485352,4216.1943359375,4193.54052734375,cpu_power,W,1.0,float32,0.0,3.4028234663852886e+38,-1.0,128.21481323242188,42.7382698059082,0.0942143052816391,42.871498107910156,42.670101165771484,cpu_util,%,1.0,float32,0.0,100.0,-1.0,22.040998458862305,7.346999645233154,0.009092266671359539,7.358999729156494,7.336999416351318,net_read,B,1.0,uint64,0,18446744073709551615,18446744073709551615,1054904,351634.6666666667,23321.799163491272,368989,318668,net_write,B,1.0,uint64,0,18446744073709551615,18446744073709551615,105455,35151.666666666664,1101.8458250691076,36631,33988,dram_mem,B,1.0,uint64,0,18446744073709551615,18446744073709551615,20335071722,6778357240.666667,29895796.993013743,6802038210,6736184483,disk_write,B,1.0,uint64,0,18446744073709551615,18446744073709551615,2213397504,737799168.0,391060837.7954119,1027011584,184952832,disk_read,B,1.0,uint64,0,18446744073709551615,18446744073709551615,2708480,902826.6666666666,1270273.0891660878,2699264,4096,money,,1.0,float32,0.0,3.4028234663852886e+38,0.0,0.0011396487032335069,0.0003798829010778356,8.652936054667508e-07,0.00038074577183702256,0.0003787000070665148,co2,g,1.0,float32,0.0,3.4028234663852886e+38,0.0,1.4646115909288195,0.48820386364293983,0.0011120260484897228,0.4893127759874132,0.4866836756456164
4,1_200_0.01_0.01_8192_POW_A_5000.csv_POW_B_1_5000.csv,encoding_data_5.0,1,,,True,2026-04-01T22:39:40.179651,2026-04-01T22:39:40.179651,runtime,s,1.0,float32,0.0,3.4028234663852886e+38,-1.0,449.0640563964844,149.68801879882812,0.2450699782915005,150.03323364257812,149.48878479003906,energy,J,1.0,float32,0.0,3.4028234663852886e+38,-1.0,18862.716796875,6287.572265625,14.140052426936588,6304.7548828125,6270.1220703125,power,W,1.0,float32,0.0,3.4028234663852886e+38,-1.0,126.11587142944336,42.03862380981445,0.0703030980494384,42.103271484375,41.94088363647461,cpu_energy,J,1.0,float32,0.0,3.4028234663852886e+38,-1.0,18862.716796875,6287.572265625,14.140052795410156,6304.7548828125,6270.1220703125,cpu_power,W,1.0,float32,0.0,3.4028234663852886e+38,-1.0,126.11587524414062,42.03862380981445,0.07030309736728668,42.103271484375,41.94088363647461,cpu_util,%,1.0,float32,0.0,100.0,-1.0,22.145156860351562,7.38171911239624,0.0005648802034556866,7.3821187019348145,7.38092041015625,net_read,B,1.0,uint64,0,18446744073709551615,18446744073709551615,1601500,533833.3333333334,13922.08395160565,547527,514735,net_write,B,1.0,uint64,0,18446744073709551615,18446744073709551615,173894,57964.666666666664,4927.88266454829,64914,54036,dram_mem,B,1.0,uint64,0,18446744073709551615,18446744073709551615,19608674556,6536224852.0,32872132.47343623,6582712966,6512896637,disk_write,B,1.0,uint64,0,18446744073709551615,18446744073709551615,2490361344,830120448.0,282434109.44589025,1034224640,430730752,disk_read,B,1.0,uint64,0,18446744073709551615,18446744073709551615,1805824,601941.3333333334,377956.8910773937,914432,70144,money,,1.0,float32,0.0,3.4028234663852886e+38,0.0,0.0017034081196289062,0.0005678027065429687,1.2769252899991767e-06,0.0005693543923339843,0.0005662268569607205,co2,g,1.0,float32,0.0,3.4028234663852886e+38,0.0,2.189123077148438,0.7297076923828126,0.0016410316399928127,0.7317018305664063,0.7276825002712674
5,1_100_0.01_0_8192_POW_A_20000.csv_POW_B_1_20000.csv,encoding_data_5.0,1,,,True,2026-04-01T13:03:56.508323,2026-04-01T13:03:56.508323,runtime,s,1.0,float32,0.0,3.4028234663852886e+38,-1.0,4630.1259765625,1543.3753255208333,70.80447815338195,1642.5242919921875,1481.675537109375,energy,J,1.0,float32,0.0,3.4028234663852886e+38,-1.0,169422.125,56474.041666666664,2205.1962609296415,59552.13671875,54501.01953125,power,W,1.0,float32,0.0,3.4028234663852886e+38,-1.0,109.81054306030273,36.60351435343424,0.24401225166752943,36.784114837646484,36.2585563659668,cpu_energy,J,1.0,float32,0.0,3.4028234663852886e+38,-1.0,169422.125,56474.04296875,2205.1962890625,59552.13671875,54501.01953125,cpu_power,W,1.0,float32,0.0,3.4028234663852886e+38,-1.0,109.810546875,36.603515625,0.244012251496315,36.784114837646484,36.2585563659668,cpu_util,%,1.0,float32,0.0,100.0,-1.0,13.943215370178223,4.647738456726074,0.006657082587480545,4.657116889953613,4.642335891723633,net_read,B,1.0,uint64,0,18446744073709551615,18446744073709551615,31386671,10462223.666666666,536619.5767495711,11035414,9744896,net_write,B,1.0,uint64,0,18446744073709551615,18446744073709551615,2908978,969659.3333333334,275679.8279578847,1334787,668730,dram_mem,B,1.0,uint64,0,18446744073709551615,18446744073709551615,96487465044,32162488348.0,2471580130.2107234,34858164886,28887720264,disk_write,B,1.0,uint64,0,18446744073709551615,18446744073709551615,52704137216,17568045738.666668,55727574.15430034,17646855680,17528343040,disk_read,B,1.0,uint64,0,18446744073709551615,18446744073709551615,27199488,9066496.0,6205356.454443102,17490432,2724352,money,,1.0,float32,0.0,3.4028234663852886e+38,0.0,0.015299759121527777,0.005099919707175926,0.00019914147345228487,0.0053778887909071175,0.004921744847113716,co2,g,1.0,float32,0.0,3.4028234663852886e+38,0.0,19.662378840277775,6.554126280092592,0.255925277171223,6.91135631141493,6.325146100043403
6,1_100_0.01_0.1_8192_POW_A_5000.csv_POW_B_1_5000.csv,encoding_data_5.0,1,,,True,2026-04-01T15:45:40.284573,2026-04-01T15:45:40.284573,runtime,s,1.0,float32,0.0,3.4028234663852886e+38,-1.0,276.71038818359375,92.23679606119792,0.16721196151800552,92.43391418457031,92.02510833740234,energy,J,1.0,float32,0.0,3.4028234663852886e+38,-1.0,10321.950927734375,3440.6503092447915,4.805732064904124,3447.343505859375,3436.2822265625,power,W,1.0,float32,0.0,3.4028234663852886e+38,-1.0,112.00636291503906,37.33545430501302,0.08222142360810687,37.44777297973633,37.253238677978516,cpu_energy,J,1.0,float32,0.0,3.4028234663852886e+38,-1.0,10321.951171875,3440.650390625,4.805732250213623,3447.343505859375,3436.2822265625,cpu_power,W,1.0,float32,0.0,3.4028234663852886e+38,-1.0,112.00636291503906,37.335453033447266,0.08222142606973648,37.44777297973633,37.253238677978516,cpu_util,%,1.0,float32,0.0,100.0,-1.0,13.94361686706543,4.647872447967529,0.019577663391828537,4.662765979766846,4.620212554931641,net_read,B,1.0,uint64,0,18446744073709551615,18446744073709551615,2305761,768587.0,192203.88200554118,1040404,632308,net_write,B,1.0,uint64,0,18446744073709551615,18446744073709551615,110894,36964.666666666664,556.417908490452,37732,36430,dram_mem,B,1.0,uint64,0,18446744073709551615,18446744073709551615,19331505695,6443835231.666667,83182620.79787083,6561431552,6382325672,disk_write,B,1.0,uint64,0,18446744073709551615,18446744073709551615,2408593408,802864469.3333334,412013286.7641435,1094265856,220189696,disk_read,B,1.0,uint64,0,18446744073709551615,18446744073709551615,1751040,583680.0,428089.15726828057,1105920,57344,money,,1.0,float32,0.0,3.4028234663852886e+38,0.0,0.0009321295129462348,0.00031070983764874496,4.339843039723148e-07,0.0003113142704874675,0.000310315375515408,co2,g,1.0,float32,0.0,3.4028234663852886e+38,0.0,1.1979197493353948,0.3993065831117983,0.0005577319046435898,0.40008336576334635,0.3987996428493924
7,1_200_0.01_0_8192_POW_A_20000.csv_POW_B_1_20000.csv,encoding_data_5.0,1,,,True,2026-04-01T20:30:37.415419,2026-04-01T20:30:37.415419,runtime,s,1.0,float32,0.0,3.4028234663852886e+38,-1.0,7641.43017578125,2547.1433919270835,167.2361279825936,2780.890380859375,2399.066650390625,energy,J,1.0,float32,0.0,3.4028234663852886e+38,-1.0,316293.46875,105431.15625,5611.707645398893,113315.09375,100702.078125,power,W,1.0,float32,0.0,3.4028234663852886e+38,-1.0,124.2783088684082,41.42610295613607,0.5088098013698377,41.976341247558594,40.749412536621094,cpu_energy,J,1.0,float32,0.0,3.4028234663852886e+38,-1.0,316293.46875,105431.15625,5611.70751953125,113315.09375,100702.078125,cpu_power,W,1.0,float32,0.0,3.4028234663852886e+38,-1.0,124.27831268310547,41.42610549926758,0.5088098049163818,41.976341247558594,40.749412536621094,cpu_util,%,1.0,float32,0.0,100.0,-1.0,22.213634490966797,7.404544830322266,0.004728905390948057,7.410963535308838,7.3997087478637695,net_read,B,1.0,uint64,0,18446744073709551615,18446744073709551615,27620482,9206827.333333334,571999.7160117788,10011345,8731500,net_write,B,1.0,uint64,0,18446744073709551615,18446744073709551615,3444780,1148260.0,51142.49583923986,1220265,1106359,dram_mem,B,1.0,uint64,0,18446744073709551615,18446744073709551615,90930363239,30310121079.666668,2773464414.8993764,33281661569,26607231616,disk_write,B,1.0,uint64,0,18446744073709551615,18446744073709551615,52878083584,17626027861.333332,407077033.9748677,18127360512,17130276352,disk_read,B,1.0,uint64,0,18446744073709551615,18446744073709551615,32971776,10990592.0,9887299.763563896,24970752,3767296,money,,1.0,float32,0.0,3.4028234663852886e+38,0.0,0.028563057414062502,0.009521019138020835,0.0005067683765331059,0.010232982493923612,0.009093957110677084,co2,g,1.0,float32,0.0,3.4028234663852886e+38,0.0,36.707614234375,12.235871411458334,0.6512698484021275,13.150846157986113,11.687035622395834
8,1_100_0.1_0.1_8192_POW_A_20000.csv_POW_B_1_20000.csv,encoding_data_5.0,1,,,True,2026-04-01T19:18:23.182335,2026-04-01T19:18:23.182335,runtime,s,1.0,float32,0.0,3.4028234663852886e+38,-1.0,3770.720458984375,1256.9068196614583,69.78581354642088,1354.5692138671875,1195.76171875,energy,J,1.0,float32,0.0,3.4028234663852886e+38,-1.0,161539.26171875,53846.420572916664,2766.7379304371307,57738.85546875,51555.28125,power,W,1.0,float32,0.0,3.4028234663852886e+38,-1.0,128.55139923095703,42.85046641031901,0.20154140897635403,43.115074157714844,42.626426696777344,cpu_energy,J,1.0,float32,0.0,3.4028234663852886e+38,-1.0,161539.265625,53846.421875,2766.73779296875,57738.85546875,51555.28125,cpu_power,W,1.0,float32,0.0,3.4028234663852886e+38,-1.0,128.5513916015625,42.8504638671875,0.20154140889644623,43.115074157714844,42.626426696777344,cpu_util,%,1.0,float32,0.0,100.0,-1.0,22.067264556884766,7.355754852294922,0.04127331078052521,7.409070014953613,7.308521747589111,net_read,B,1.0,uint64,0,18446744073709551615,18446744073709551615,14270258,4756752.666666667,401735.79963813146,5288249,4317162,net_write,B,1.0,uint64,0,18446744073709551615,18446744073709551615,2077428,692476.0,214850.30731340987,972291,450008,dram_mem,B,1.0,uint64,0,18446744073709551615,18446744073709551615,103790522745,34596840915.0,2515844266.273761,36430798978,31039472343,disk_write,B,1.0,uint64,0,18446744073709551615,18446744073709551615,52476228608,17492076202.666668,402569383.17248607,17956246528,16974504448,disk_read,B,1.0,uint64,0,18446744073709551615,18446744073709551615,11333120,3777706.6666666665,2431705.657041758,7183360,1661440,money,,1.0,float32,0.0,3.4028234663852886e+38,0.0,0.014587892773546007,0.0048626309245153355,0.0002498518058847531,0.0052141394202473955,0.004655728315104166,co2,g,1.0,float32,0.0,3.4028234663852886e+38,0.0,18.74752876280382,6.24917625426794,0.3210953075935088,6.700914948567708,5.983276807291667
9,1_200_0.01_0.1_8192_POW_A_5000.csv_POW_B_1_5000.csv,encoding_data_5.0,1,,,True,2026-04-02T00:57:48.226746,2026-04-02T00:57:48.226746,runtime,s,1.0,float32,0.0,3.4028234663852886e+38,-1.0,451.5822296142578,150.52740987141928,0.33633556003612924,150.99151611328125,150.2051544189453,energy,J,1.0,float32,0.0,3.4028234663852886e+38,-1.0,19024.033203125,6341.344401041667,28.572179781332764,6376.486328125,6306.5009765625,power,W,1.0,float32,0.0,3.4028234663852886e+38,-1.0,126.42477416992188,42.14159138997396,0.09669797066669937,42.23935317993164,42.0098991394043,cpu_energy,J,1.0,float32,0.0,3.4028234663852886e+38,-1.0,19024.033203125,6341.34423828125,28.572179794311523,6376.486328125,6306.5009765625,cpu_power,W,1.0,float32,0.0,3.4028234663852886e+38,-1.0,126.42477416992188,42.1415901184082,0.09669797122478485,42.23935317993164,42.0098991394043,cpu_util,%,1.0,float32,0.0,100.0,-1.0,22.101974487304688,7.3673248291015625,0.00406707962974906,7.373025894165039,7.363816261291504,net_read,B,1.0,uint64,0,18446744073709551615,18446744073709551615,1547670,515890.0,12132.157296485513,532125,502966,net_write,B,1.0,uint64,0,18446744073709551615,18446744073709551615,168676,56225.333333333336,1783.0478276130327,58442,54076,dram_mem,B,1.0,uint64,0,18446744073709551615,18446744073709551615,19958245779,6652748593.0,43978351.883629985,6714896734,6619588958,disk_write,B,1.0,uint64,0,18446744073709551615,18446744073709551615,2450356736,816785578.6666666,346417256.7177787,1274076160,435918848,disk_read,B,1.0,uint64,0,18446744073709551615,18446744073709551615,415232,138410.66666666666,155512.268303465,356864,7168,money,,1.0,float32,0.0,3.4028234663852886e+38,0.0,0.0017179758873155384,0.0005726586291051795,2.5802265685864328e-06,0.0005758321403537326,0.0005695120743001303,co2,g,1.0,float32,0.0,3.4028234663852886e+38,0.0,2.207844742296007,0.7359482474320024,0.0033159601979557644,0.7400266633029514,0.7319044744466147
10,1_200_0.1_0.1_8192_POW_A_5000.csv_POW_B_1_5000.csv,encoding_data_5.0,1,,,True,2026-04-02T06:12:53.920754,2026-04-02T06:12:53.920754,runtime,s,1.0,float32,0.0,3.4028234663852886e+38,-1.0,297.36148834228516,99.12049611409505,0.46272461601046855,99.76817321777344,98.71568298339844,energy,J,1.0,float32,0.0,3.4028234663852886e+38,-1.0,12701.640625,4233.880208333333,13.76999773730842,4253.3134765625,4223.0771484375,power,W,1.0,float32,0.0,3.4028234663852886e+38,-1.0,128.11526107788086,42.70508702596029,0.05753185585419695,42.76808547973633,42.628997802734375,cpu_energy,J,1.0,float32,0.0,3.4028234663852886e+38,-1.0,12701.640625,4233.88037109375,13.769997596740723,4253.3134765625,4223.0771484375,cpu_power,W,1.0,float32,0.0,3.4028234663852886e+38,-1.0,128.11526489257812,42.7050895690918,0.05753185600042343,42.76808547973633,42.628997802734375,cpu_util,%,1.0,float32,0.0,100.0,-1.0,22.058561325073242,7.352853775024414,0.006878864485770464,7.359999179840088,7.343564033508301,net_read,B,1.0,uint64,0,18446744073709551615,18446744073709551615,1110761,370253.6666666667,13005.092088186928,382764,352323,net_write,B,1.0,uint64,0,18446744073709551615,18446744073709551615,110775,36925.0,1171.4205051987096,38558,35867,dram_mem,B,1.0,uint64,0,18446744073709551615,18446744073709551615,20519158427,6839719475.666667,74706842.93553722,6917980569,6739122926,disk_write,B,1.0,uint64,0,18446744073709551615,18446744073709551615,2404814848,801604949.3333334,237621603.09562317,1019282432,471049216,disk_read,B,1.0,uint64,0,18446744073709551615,18446744073709551615,1236992,412330.6666666667,578055.2307391473,1229824,3072,money,,1.0,float32,0.0,3.4028234663852886e+38,0.0,0.001147028713107639,0.00038234290436921296,1.243507295666385e-06,0.000384097836452908,0.00038136732804361974,co2,g,1.0,float32,0.0,3.4028234663852886e+38,0.0,1.4740959592013891,0.4913653197337964,0.0015980847374020848,0.4936206584743924,0.4901115646158854
11,1_200_0.1_0.1_8192_POW_A_20000.csv_POW_B_1_20000.csv,encoding_data_5.0,1,,,True,2026-04-02T06:18:04.861709,2026-04-02T06:18:04.861709,runtime,s,1.0,float32,0.0,3.4028234663852886e+38,-1.0,4973.9931640625,1657.9977213541667,72.9159698114475,1759.458740234375,1591.3187255859375,energy,J,1.0,float32,0.0,3.4028234663852886e+38,-1.0,210287.4375,70095.8125,2834.603395910859,74029.65625,67460.96875,power,W,1.0,float32,0.0,3.4028234663852886e+38,-1.0,126.85051345825195,42.283504486083984,0.14696845455753899,42.39418411254883,42.075809478759766,cpu_energy,J,1.0,float32,0.0,3.4028234663852886e+38,-1.0,210287.4375,70095.8125,2834.603515625,74029.65625,67460.96875,cpu_power,W,1.0,float32,0.0,3.4028234663852886e+38,-1.0,126.85050964355469,42.283504486083984,0.14696845412254333,42.39418411254883,42.075809478759766,cpu_util,%,1.0,float32,0.0,100.0,-1.0,22.146486282348633,7.382162094116211,0.004804688505828381,7.388888835906982,7.37796688079834,net_read,B,1.0,uint64,0,18446744073709551615,18446744073709551615,18245017,6081672.333333333,313589.53686449566,6497788,5740786,net_write,B,1.0,uint64,0,18446744073709551615,18446744073709551615,2226629,742209.6666666666,96799.6584509585,823479,606172,dram_mem,B,1.0,uint64,0,18446744073709551615,18446744073709551615,97365013486,32455004495.333332,2530520989.655268,35193269958,29090444138,disk_write,B,1.0,uint64,0,18446744073709551615,18446744073709551615,52908096512,17636032170.666668,248624279.7532913,17877279232,17293889024,disk_read,B,1.0,uint64,0,18446744073709551615,18446744073709551615,19514368,6504789.333333333,5918785.141356253,14798336,1377792,money,,1.0,float32,0.0,3.4028234663852886e+38,0.0,0.018990123869791667,0.006330041289930556,0.00025598043444739445,0.006685289235243056,0.006092100261284723,co2,g,1.0,float32,0.0,3.4028234663852886e+38,0.0,24.405025385416668,8.135008461805556,0.3289714718920984,8.591552883680555,7.829220206597223
12,1_100_0.1_0.1_8192_POW_A_5000.csv_POW_B_1_5000.csv,encoding_data_5.0,1,,,True,2026-04-01T19:14:21.101354,2026-04-01T19:14:21.101354,runtime,s,1.0,float32,0.0,3.4028234663852886e+38,-1.0,228.49301147460938,76.16433715820312,0.038208582653397355,76.21763610839844,76.12998962402344,energy,J,1.0,float32,0.0,3.4028234663852886e+38,-1.0,9767.071044921875,3255.6903483072915,15.850086292365546,3276.69921875,3238.417724609375,power,W,1.0,float32,0.0,3.4028234663852886e+38,-1.0,128.2710952758789,42.757031758626304,0.21597890759582497,43.02959060668945,42.50136184692383,cpu_energy,J,1.0,float32,0.0,3.4028234663852886e+38,-1.0,9767.0712890625,3255.6904296875,15.850086212158203,3276.69921875,3238.417724609375,cpu_power,W,1.0,float32,0.0,3.4028234663852886e+38,-1.0,128.27108764648438,42.75703048706055,0.21597890555858612,43.02959060668945,42.50136184692383,cpu_util,%,1.0,float32,0.0,100.0,-1.0,22.134614944458008,7.378204822540283,0.05132511630654335,7.439743518829346,7.314101696014404,net_read,B,1.0,uint64,0,18446744073709551615,18446744073709551615,1107177,369059.0,63573.23782850768,445365,289731,net_write,B,1.0,uint64,0,18446744073709551615,18446744073709551615,161520,53840.0,1144.7436394232552,55191,52392,dram_mem,B,1.0,uint64,0,18446744073709551615,18446744073709551615,20757048345,6919016115.0,76111396.69254935,7018389031,6833508089,disk_write,B,1.0,uint64,0,18446744073709551615,18446744073709551615,2521384960,840461653.3333334,131326435.74540617,966463488,659297280,disk_read,B,1.0,uint64,0,18446744073709551615,18446744073709551615,32768,10922.666666666666,5439.958169773817,17408,4096,money,,1.0,float32,0.0,3.4028234663852886e+38,0.0,0.0008820207768622504,0.0002940069256207501,1.4313508482355507e-06,0.0002959041433376736,0.00029244711174180774,co2,g,1.0,float32,0.0,3.4028234663852886e+38,0.0,1.1335228562689887,0.3778409520896629,0.0018394905702639598,0.3802791482204861,0.37583636815049914
13,1_100_0.01_0.01_8192_POW_A_20000.csv_POW_B_1_20000.csv,encoding_data_5.0,1,,,True,2026-04-01T14:27:18.831243,2026-04-01T14:27:18.831243,runtime,s,1.0,float32,0.0,3.4028234663852886e+38,-1.0,4629.433837890625,1543.1446126302083,72.00543091510221,1643.6973876953125,1478.9388427734375,energy,J,1.0,float32,0.0,3.4028234663852886e+38,-1.0,170227.109375,56742.369791666664,2066.1125140683725,59650.703125,55044.421875,power,W,1.0,float32,0.0,3.4028234663852886e+38,-1.0,110.36565017700195,36.78855005900065,0.38098067630591886,37.21823501586914,36.292198181152344,cpu_energy,J,1.0,float32,0.0,3.4028234663852886e+38,-1.0,170227.109375,56742.37109375,2066.1123046875,59650.703125,55044.421875,cpu_power,W,1.0,float32,0.0,3.4028234663852886e+38,-1.0,110.36564636230469,36.78854751586914,0.3809806704521179,37.21823501586914,36.292198181152344,cpu_util,%,1.0,float32,0.0,100.0,-1.0,13.922977447509766,4.640992641448975,0.0029043187387287617,4.644256591796875,4.637201309204102,net_read,B,1.0,uint64,0,18446744073709551615,18446744073709551615,33415782,11138594.0,672375.0383488865,12060996,10477360,net_write,B,1.0,uint64,0,18446744073709551615,18446744073709551615,2432632,810877.3333333334,111812.1905140739,915016,655758,dram_mem,B,1.0,uint64,0,18446744073709551615,18446744073709551615,96429889804,32143296601.333332,2539450696.292472,34888665552,28765511941,disk_write,B,1.0,uint64,0,18446744073709551615,18446744073709551615,52940466176,17646822058.666668,623748059.2161393,18520366592,17103831040,disk_read,B,1.0,uint64,0,18446744073709551615,18446744073709551615,54627328,18209109.333333332,8957596.304069573,27927040,6312448,money,,1.0,float32,0.0,3.4028234663852886e+38,0.0,0.015372453682725693,0.005124151227575231,0.0001865814384232299,0.005386789884982639,0.00497081709765625,co2,g,1.0,float32,0.0,3.4028234663852886e+38,0.0,19.755801749131944,6.585267249710648,0.23978383566049088,6.9227954904513895,6.3882109609375
14,1_100_0.1_0.1_8192_POW_A_2000.csv_POW_B_1_2000.csv,encoding_data_5.0,1,,,True,2026-04-01T19:13:31.983467,2026-04-01T19:13:31.983467,runtime,s,1.0,float32,0.0,3.4028234663852886e+38,-1.0,35.54730701446533,11.849102338155111,0.17124258802367354,12.088119506835938,11.695842742919922,energy,J,1.0,float32,0.0,3.4028234663852886e+38,-1.0,1477.8324584960938,492.61081949869794,14.016185995537649,512.4317016601562,482.5281066894531,power,W,1.0,float32,0.0,3.4028234663852886e+38,-1.0,124.69751739501953,41.56583913167318,0.5397981541420277,42.32270050048828,41.101131439208984,cpu_energy,J,1.0,float32,0.0,3.4028234663852886e+38,-1.0,1477.83251953125,492.61083984375,14.016185760498047,512.4317016601562,482.5281066894531,cpu_power,W,1.0,float32,0.0,3.4028234663852886e+38,-1.0,124.697509765625,41.56583786010742,0.5397981405258179,42.32270050048828,41.101131439208984,cpu_util,%,1.0,float32,0.0,100.0,-1.0,20.996152877807617,6.998717784881592,0.1823132485151291,7.25,6.823076248168945,net_read,B,1.0,uint64,0,18446744073709551615,18446744073709551615,131904,43968.0,5500.32586913418,49599,36505,net_write,B,1.0,uint64,0,18446744073709551615,18446744073709551615,49899,16633.0,9804.156499498908,30076,6971,dram_mem,B,1.0,uint64,0,18446744073709551615,18446744073709551615,17180556343,5726852114.333333,83109958.83242577,5818223064,5617140004,disk_write,B,1.0,uint64,0,18446744073709551615,18446744073709551615,297030656,99010218.66666667,131547107.32616174,284925952,267264,disk_read,B,1.0,uint64,0,18446744073709551615,18446744073709551615,2298880,766293.3333333334,1082978.4280982804,2297856,0,money,,1.0,float32,0.0,3.4028234663852886e+38,0.0,0.00013345648118252224,4.448549372750742e-05,1.265739463097027e-06,4.627542950269911e-05,4.3574968745761445e-05,co2,g,1.0,float32,0.0,3.4028234663852886e+38,0.0,0.17151066698879666,0.05717022232959889,0.0016266562524821229,0.05947054582044814,0.056000067493014866
15,1_100_0.1_0_8192_POW_A_20000.csv_POW_B_1_20000.csv,encoding_data_5.0,1,,,True,2026-04-01T17:11:53.514292,2026-04-01T17:11:53.514292,runtime,s,1.0,float32,0.0,3.4028234663852886e+38,-1.0,3472.188720703125,1157.396240234375,50.96485103799025,1229.4393310546875,1119.51220703125,energy,J,1.0,float32,0.0,3.4028234663852886e+38,-1.0,127183.58984375,42394.529947916664,1690.0226938994983,44784.125,41159.21484375,power,W,1.0,float32,0.0,3.4028234663852886e+38,-1.0,109.90744400024414,36.63581466674805,0.16715539736913276,36.83598709106445,36.42682647705078,cpu_energy,J,1.0,float32,0.0,3.4028234663852886e+38,-1.0,127183.59375,42394.53125,1690.0228271484375,44784.125,41159.21484375,cpu_power,W,1.0,float32,0.0,3.4028234663852886e+38,-1.0,109.9074478149414,36.63581466674805,0.1671553999185562,36.83598709106445,36.42682647705078,cpu_util,%,1.0,float32,0.0,100.0,-1.0,13.840559005737305,4.613519668579102,0.0028187870047986507,4.61694860458374,4.610044479370117,net_read,B,1.0,uint64,0,18446744073709551615,18446744073709551615,14576432,4858810.666666667,598697.6278792344,5352479,4016261,net_write,B,1.0,uint64,0,18446744073709551615,18446744073709551615,1541361,513787.0,76121.70705302573,620189,446418,dram_mem,B,1.0,uint64,0,18446744073709551615,18446744073709551615,102802524757,34267508252.333332,2459692908.760158,36026165395,30789049519,disk_write,B,1.0,uint64,0,18446744073709551615,18446744073709551615,52137708544,17379236181.333332,362984575.67182213,17889285120,17073969664,disk_read,B,1.0,uint64,0,18446744073709551615,18446744073709551615,20683776,6894592.0,4084349.318373246,12670464,3958272,money,,1.0,float32,0.0,3.4028234663852886e+38,0.0,0.011485384738389757,0.003828461579463252,0.0001526184382740907,0.004044255288194444,0.0037169057626953122,co2,g,1.0,float32,0.0,3.4028234663852886e+38,0.0,14.76036217686632,4.920120725622106,0.19613652264200318,5.197446506944445,4.776755544921874
16,1_200_0.1_0.01_8192_POW_A_2000.csv_POW_B_1_2000.csv,encoding_data_5.0,1,,,True,2026-04-02T04:42:56.824113,2026-04-02T04:42:56.824113,runtime,s,1.0,float32,0.0,3.4028234663852886e+38,-1.0,47.706459045410156,15.902153015136719,0.19723939950598285,16.061050415039062,15.624162673950195,energy,J,1.0,float32,0.0,3.4028234663852886e+38,-1.0,2020.5712280273438,673.5237426757812,4.388225110805137,677.228271484375,667.359619140625,power,W,1.0,float32,0.0,3.4028234663852886e+38,-1.0,127.49863815307617,42.49954605102539,0.27229712493878094,42.70030212402344,42.11457824707031,cpu_energy,J,1.0,float32,0.0,3.4028234663852886e+38,-1.0,2020.5712890625,673.5237426757812,4.388225078582764,677.228271484375,667.359619140625,cpu_power,W,1.0,float32,0.0,3.4028234663852886e+38,-1.0,127.49864196777344,42.49954605102539,0.2722971439361572,42.70030212402344,42.11457824707031,cpu_util,%,1.0,float32,0.0,100.0,-1.0,21.995750427246094,7.331916809082031,0.07960277795791626,7.433333396911621,7.238889217376709,net_read,B,1.0,uint64,0,18446744073709551615,18446744073709551615,175348,58449.333333333336,5287.921414779998,63262,51086,net_write,B,1.0,uint64,0,18446744073709551615,18446744073709551615,16444,5481.333333333333,64.52561937366859,5552,5396,dram_mem,B,1.0,uint64,0,18446744073709551615,18446744073709551615,17214087448,5738029149.333333,68507942.4911186,5791781319,5641345934,disk_write,B,1.0,uint64,0,18446744073709551615,18446744073709551615,202048512,67349504.0,89903829.72112818,194421760,135168,disk_read,B,1.0,uint64,0,18446744073709551615,18446744073709551615,5773312,1924437.3333333333,2478200.780160388,5424128,12288,money,,1.0,float32,0.0,3.4028234663852886e+38,0.0,0.0001824688072865804,6.082293576219346e-05,3.962811065340944e-07,6.115747529432508e-05,6.026628116183811e-05,co2,g,1.0,float32,0.0,3.4028234663852886e+38,0.0,0.2344985164082845,0.07816617213609484,0.0005092779031373253,0.07859610328504774,0.07745079135470921
17,1_200_0.1_0_8192_POW_A_20000.csv_POW_B_1_20000.csv,encoding_data_5.0,1,,,True,2026-04-02T03:18:33.118438,2026-04-02T03:18:33.118438,runtime,s,1.0,float32,0.0,3.4028234663852886e+38,-1.0,5049.640869140625,1683.213623046875,70.02923068028059,1751.6009521484375,1586.9835205078125,energy,J,1.0,float32,0.0,3.4028234663852886e+38,-1.0,214953.625,71651.20833333333,2596.5092309120487,74168.8359375,68077.453125,power,W,1.0,float32,0.0,3.4028234663852886e+38,-1.0,127.73624801635742,42.578749338785805,0.23377654062250058,42.898075103759766,42.34492111206055,cpu_energy,J,1.0,float32,0.0,3.4028234663852886e+38,-1.0,214953.625,71651.2109375,2596.50927734375,74168.8359375,68077.453125,cpu_power,W,1.0,float32,0.0,3.4028234663852886e+38,-1.0,127.73625183105469,42.57875061035156,0.2337765395641327,42.898075103759766,42.34492111206055,cpu_util,%,1.0,float32,0.0,100.0,-1.0,22.11506462097168,7.371688365936279,0.0025668274611234665,7.3752522468566895,7.369309902191162,net_read,B,1.0,uint64,0,18446744073709551615,18446744073709551615,18226360,6075453.333333333,239133.93549966,6407072,5852204,net_write,B,1.0,uint64,0,18446744073709551615,18446744073709551615,2285353,761784.3333333334,91299.11527257839,841752,634010,dram_mem,B,1.0,uint64,0,18446744073709551615,18446744073709551615,91393416941,30464472313.666668,3573663266.7388716,35109500992,26417317389,disk_write,B,1.0,uint64,0,18446744073709551615,18446744073709551615,52065298432,17355099477.333332,549416687.5543846,18072675328,16738238464,disk_read,B,1.0,uint64,0,18446744073709551615,18446744073709551615,21984768,7328256.0,5953690.915998467,15740928,2822144,money,,1.0,float32,0.0,3.4028234663852886e+38,0.0,0.019411506524305556,0.006470502174768519,0.00023447920860264064,0.0066978579342447915,0.006147772225260417,co2,g,1.0,float32,0.0,3.4028234663852886e+38,0.0,24.94656236805556,8.315520789351853,0.3013393212986262,8.607705459635417,7.900766643229167
18,1_100_0.01_0_8192_POW_A_2000.csv_POW_B_1_2000.csv,encoding_data_5.0,1,,,True,2026-04-01T12:58:06.481234,2026-04-01T12:58:06.481234,runtime,s,1.0,float32,0.0,3.4028234663852886e+38,-1.0,46.85593128204346,15.618643760681152,0.3104936067081176,16.055091857910156,15.35865592956543,energy,J,1.0,float32,0.0,3.4028234663852886e+38,-1.0,1720.4615478515625,573.4871826171875,2.8200405972514258,577.2615966796875,570.4844970703125,power,W,1.0,float32,0.0,3.4028234663852886e+38,-1.0,110.33847427368164,36.77949142456055,0.5370358291127897,37.183799743652344,36.02054977416992,cpu_energy,J,1.0,float32,0.0,3.4028234663852886e+38,-1.0,1720.4615478515625,573.4871826171875,2.820040702819824,577.2615966796875,570.4844970703125,cpu_power,W,1.0,float32,0.0,3.4028234663852886e+38,-1.0,110.3384780883789,36.77949142456055,0.5370358228683472,37.183799743652344,36.02054977416992,cpu_util,%,1.0,float32,0.0,100.0,-1.0,15.542482376098633,5.180827617645264,0.1438991129398346,5.294117450714111,4.977777481079102,net_read,B,1.0,uint64,0,18446744073709551615,18446744073709551615,385464,128488.0,16532.332221034838,151639,114084,net_write,B,1.0,uint64,0,18446744073709551615,18446744073709551615,2098571,699523.6666666666,147719.52304357817,906094,569255,dram_mem,B,1.0,uint64,0,18446744073709551615,18446744073709551615,16536788241,5512262747.0,41442392.754198454,5553385712,5455536583,disk_write,B,1.0,uint64,0,18446744073709551615,18446744073709551615,194551808,64850602.666666664,90731235.69892946,193163264,331776,disk_read,B,1.0,uint64,0,18446744073709551615,18446744073709551615,792576,264192.0,372176.6939219417,790528,0,money,,1.0,float32,0.0,3.4028234663852886e+38,0.0,0.0001553672358907064,5.178907863023546e-05,2.546653328240107e-07,5.2129929189046224e-05,5.1517919443766276e-05,co2,g,1.0,float32,0.0,3.4028234663852886e+38,0.0,0.19966912074788412,0.06655637358262805,0.00032728137820323366,0.06699441530354817,0.06620789524332682
19,1_200_0.01_0.1_8192_POW_A_2000.csv_POW_B_1_2000.csv,encoding_data_5.0,1,,,True,2026-04-02T00:56:19.898323,2026-04-02T00:56:19.898323,runtime,s,1.0,float32,0.0,3.4028234663852886e+38,-1.0,74.76378631591797,24.92126210530599,0.24345710310836038,25.15958595275879,24.58690643310547,energy,J,1.0,float32,0.0,3.4028234663852886e+38,-1.0,3086.4207763671875,1028.8069254557292,11.084581654383651,1039.0906982421875,1013.4188232421875,power,W,1.0,float32,0.0,3.4028234663852886e+38,-1.0,124.49873352050781,41.49957784016927,0.22656215316949851,41.81780242919922,41.30813217163086,cpu_energy,J,1.0,float32,0.0,3.4028234663852886e+38,-1.0,3086.4208984375,1028.8070068359375,11.08458137512207,1039.0906982421875,1013.4188232421875,cpu_power,W,1.0,float32,0.0,3.4028234663852886e+38,-1.0,124.49873352050781,41.499576568603516,0.22656214237213135,41.81780242919922,41.30813217163086,cpu_util,%,1.0,float32,0.0,100.0,-1.0,22.06210708618164,7.3540358543396,0.016807418316602707,7.376923084259033,7.337036609649658,net_read,B,1.0,uint64,0,18446744073709551615,18446744073709551615,247587,82529.0,5784.324737310888,89652,75484,net_write,B,1.0,uint64,0,18446744073709551615,18446744073709551615,25624,8541.333333333334,343.8617293170161,8852,8062,dram_mem,B,1.0,uint64,0,18446744073709551615,18446744073709551615,16760871150,5586957050.0,11897489.86759109,5601150293,5572034875,disk_write,B,1.0,uint64,0,18446744073709551615,18446744073709551615,515716096,171905365.33333334,159206859.73583692,383807488,50176,disk_read,B,1.0,uint64,0,18446744073709551615,18446744073709551615,294912,98304.0,131090.66533764586,283648,2048,money,,1.0,float32,0.0,3.4028234663852886e+38,0.0,0.00027872094288804795,9.290698096268265e-05,1.0009993044000389e-06,9.383566277737088e-05,9.15173498433431e-05,co2,g,1.0,float32,0.0,3.4028234663852886e+38,0.0,0.3581962778795031,0.11939875929316769,0.0012864272820004188,0.12059224825710722,0.11761288454182943
20,1_200_0.1_0.1_8192_POW_A_2000.csv_POW_B_1_2000.csv,encoding_data_5.0,1,,,True,2026-04-02T06:11:50.399320,2026-04-02T06:11:50.399320,runtime,s,1.0,float32,0.0,3.4028234663852886e+38,-1.0,49.95942497253418,16.653141657511394,0.08272028758040231,16.714006423950195,16.536190032958984,energy,J,1.0,float32,0.0,3.4028234663852886e+38,-1.0,2106.8049926757812,702.2683308919271,2.4827968777039096,705.710205078125,699.9461059570312,power,W,1.0,float32,0.0,3.4028234663852886e+38,-1.0,126.33953094482422,42.11317698160807,0.15858948064036557,42.23953628540039,41.8895263671875,cpu_energy,J,1.0,float32,0.0,3.4028234663852886e+38,-1.0,2106.804931640625,702.268310546875,2.4827969074249268,705.710205078125,699.9461059570312,cpu_power,W,1.0,float32,0.0,3.4028234663852886e+38,-1.0,126.33952331542969,42.11317443847656,0.15858948230743408,42.23953628540039,41.8895263671875,cpu_util,%,1.0,float32,0.0,100.0,-1.0,22.005556106567383,7.335185527801514,0.027342265471816063,7.366666316986084,7.299999713897705,net_read,B,1.0,uint64,0,18446744073709551615,18446744073709551615,238380,79460.0,24591.601045885564,112774,54157,net_write,B,1.0,uint64,0,18446744073709551615,18446744073709551615,33783,11261.0,5148.376896330208,18353,6288,dram_mem,B,1.0,uint64,0,18446744073709551615,18446744073709551615,17436498146,5812166048.666667,75357443.54065159,5901626254,5717278492,disk_write,B,1.0,uint64,0,18446744073709551615,18446744073709551615,203812864,67937621.33333333,89748425.13363731,194756608,69632,disk_read,B,1.0,uint64,0,18446744073709551615,18446744073709551615,5915648,1971882.6666666667,2701507.933926943,5791744,1024,money,,1.0,float32,0.0,3.4028234663852886e+38,0.0,0.00019025619531080456,6.341873177026818e-05,2.2421035137264963e-07,6.372955213080512e-05,6.320902195739746e-05,co2,g,1.0,float32,0.0,3.4028234663852886e+38,0.0,0.24450642387220597,0.08150214129073532,0.00028814237097352704,0.08190158991156685,0.08123263418579102
21,1_100_0.1_0.01_8192_POW_A_5000.csv_POW_B_1_5000.csv,encoding_data_5.0,1,,,True,2026-04-01T18:10:45.802966,2026-04-01T18:10:45.802966,runtime,s,1.0,float32,0.0,3.4028234663852886e+38,-1.0,208.61540985107422,69.53846995035808,0.12616873921131547,69.6697006225586,69.36815643310547,energy,J,1.0,float32,0.0,3.4028234663852886e+38,-1.0,7627.68896484375,2542.56298828125,1.0672426029871456,2544.04443359375,2541.572265625,power,W,1.0,float32,0.0,3.4028234663852886e+38,-1.0,109.62958908081055,36.54319636027018,0.056660433771824684,36.62248992919922,36.49354934692383,cpu_energy,J,1.0,float32,0.0,3.4028234663852886e+38,-1.0,7627.68896484375,2542.56298828125,1.0672426223754883,2544.04443359375,2541.572265625,cpu_power,W,1.0,float32,0.0,3.4028234663852886e+38,-1.0,109.62958526611328,36.54319381713867,0.05666043609380722,36.62248992919922,36.49354934692383,cpu_util,%,1.0,float32,0.0,100.0,-1.0,13.756338119506836,4.585445880889893,0.011576422490179539,4.5985918045043945,4.570422649383545,net_read,B,1.0,uint64,0,18446744073709551615,18446744073709551615,728672,242890.66666666666,8440.326428653232,254786,236086,net_write,B,1.0,uint64,0,18446744073709551615,18446744073709551615,72516,24172.0,655.5364215663383,24888,23304,dram_mem,B,1.0,uint64,0,18446744073709551615,18446744073709551615,19832430763,6610810254.333333,88802157.12535931,6713353807,6496750346,disk_write,B,1.0,uint64,0,18446744073709551615,18446744073709551615,2281552384,760517461.3333334,418321456.332443,1160268800,182966784,disk_read,B,1.0,uint64,0,18446744073709551615,18446744073709551615,3432960,1144320.0,1380782.84077403,3087360,4608,money,,1.0,float32,0.0,3.4028234663852886e+38,0.0,0.0006888226895751953,0.00022960756319173177,9.637793617531201e-08,0.00022974134593370225,0.00022951809543185763,co2,g,1.0,float32,0.0,3.4028234663852886e+38,0.0,0.885235680419922,0.29507856013997397,0.0001238594332022176,0.2952504900987413,0.2949635812717014
22,1_100_0.01_0.01_8192_POW_A_5000.csv_POW_B_1_5000.csv,encoding_data_5.0,1,,,True,2026-04-01T14:22:18.768646,2026-04-01T14:22:18.768646,runtime,s,1.0,float32,0.0,3.4028234663852886e+38,-1.0,286.4955291748047,95.49850972493489,0.0902951647158201,95.62456512451172,95.41780853271484,energy,J,1.0,float32,0.0,3.4028234663852886e+38,-1.0,10433.68310546875,3477.8943684895835,3.1531960680887505,3482.314453125,3475.17333984375,power,W,1.0,float32,0.0,3.4028234663852886e+38,-1.0,109.15219497680664,36.38406499226888,0.0029264013306801355,36.38720703125,36.38016128540039,cpu_energy,J,1.0,float32,0.0,3.4028234663852886e+38,-1.0,10433.68359375,3477.89453125,3.153196096420288,3482.314453125,3475.17333984375,cpu_power,W,1.0,float32,0.0,3.4028234663852886e+38,-1.0,109.15219116210938,36.384063720703125,0.002926401561126113,36.38720703125,36.38016128540039,cpu_util,%,1.0,float32,0.0,100.0,-1.0,13.88865852355957,4.629552841186523,0.008921429514884949,4.641236782073975,4.619587421417236,net_read,B,1.0,uint64,0,18446744073709551615,18446744073709551615,2115879,705293.0,32689.91156304954,732530,659324,net_write,B,1.0,uint64,0,18446744073709551615,18446744073709551615,126395,42131.666666666664,3132.2373615179436,45016,37778,dram_mem,B,1.0,uint64,0,18446744073709551615,18446744073709551615,19290801140,6430267046.666667,62301496.65732285,6491986321,6344953180,disk_write,B,1.0,uint64,0,18446744073709551615,18446744073709551615,2641575936,880525312.0,191971221.71929577,1039144960,610403328,disk_read,B,1.0,uint64,0,18446744073709551615,18446744073709551615,17408,5802.666666666667,2554.304776037677,9216,3072,money,,1.0,float32,0.0,3.4028234663852886e+38,0.0,0.0009422195493299696,0.0003140731831099899,2.8475112270435157e-07,0.00031447234130859374,0.0003138274591064453,co2,g,1.0,float32,0.0,3.4028234663852886e+38,0.0,1.21088688929579,0.4036289630985967,0.00036594592145761844,0.4041419384765625,0.4033131726074219
23,1_100_0.01_0.1_8192_POW_A_20000.csv_POW_B_1_20000.csv,encoding_data_5.0,1,,,True,2026-04-01T15:50:30.543376,2026-04-01T15:50:30.543376,runtime,s,1.0,float32,0.0,3.4028234663852886e+38,-1.0,4601.3038330078125,1533.7679443359375,76.73546830035849,1642.2879638671875,1479.279541015625,energy,J,1.0,float32,0.0,3.4028234663852886e+38,-1.0,167890.6328125,55963.544270833336,3106.2204844229664,60351.78125,53594.953125,power,W,1.0,float32,0.0,3.4028234663852886e+38,-1.0,109.43959045410156,36.47986348470052,0.21342547738597203,36.75273895263672,36.231712341308594,cpu_energy,J,1.0,float32,0.0,3.4028234663852886e+38,-1.0,167890.625,55963.54296875,3106.220458984375,60351.78125,53594.953125,cpu_power,W,1.0,float32,0.0,3.4028234663852886e+38,-1.0,109.43959045410156,36.479862213134766,0.21342548727989197,36.75273895263672,36.231712341308594,cpu_util,%,1.0,float32,0.0,100.0,-1.0,13.891122817993164,4.630374431610107,0.003950732294470072,4.634503364562988,4.625050067901611,net_read,B,1.0,uint64,0,18446744073709551615,18446744073709551615,25266438,8422146.0,1357034.4814417944,10215025,6932830,net_write,B,1.0,uint64,0,18446744073709551615,18446744073709551615,2053411,684470.3333333334,94066.11792540157,803830,573922,dram_mem,B,1.0,uint64,0,18446744073709551615,18446744073709551615,98340099915,32780033305.0,2818864109.436791,34846584339,28794467589,disk_write,B,1.0,uint64,0,18446744073709551615,18446744073709551615,52086371328,17362123776.0,499348544.45921516,17995301888,16774725632,disk_read,B,1.0,uint64,0,18446744073709551615,18446744073709551615,9668608,3222869.3333333335,769993.3408497042,4262400,2422272,money,,1.0,float32,0.0,3.4028234663852886e+38,0.0,0.015161456868706598,0.0050538189562355324,0.00028050896652386323,0.0054501011345486116,0.004839922016927083,co2,g,1.0,float32,0.0,3.4028234663852886e+38,0.0,19.484640663628475,6.494880221209492,0.3604941439977545,7.004159501736112,6.219992059895834
24,1_200_0.01_0_8192_POW_A_5000.csv_POW_B_1_5000.csv,encoding_data_5.0,1,,,True,2026-04-01T20:22:53.986685,2026-04-01T20:22:53.986685,runtime,s,1.0,float32,0.0,3.4028234663852886e+38,-1.0,449.8447570800781,149.94825236002603,0.8650896988285618,151.15272521972656,149.16026306152344,energy,J,1.0,float32,0.0,3.4028234663852886e+38,-1.0,18724.6826171875,6241.560872395833,35.90372319668659,6291.0576171875,6207.005859375,power,W,1.0,float32,0.0,3.4028234663852886e+38,-1.0,124.88703536987305,41.62901178995768,0.09579198642163965,41.7454719543457,41.51084899902344,cpu_energy,J,1.0,float32,0.0,3.4028234663852886e+38,-1.0,18724.68359375,6241.56103515625,35.90372085571289,6291.0576171875,6207.005859375,cpu_power,W,1.0,float32,0.0,3.4028234663852886e+38,-1.0,124.88703155517578,41.62900924682617,0.09579198807477951,41.7454719543457,41.51084899902344,cpu_util,%,1.0,float32,0.0,100.0,-1.0,22.121461868286133,7.373820781707764,0.016753101721405983,7.39072847366333,7.3509931564331055,net_read,B,1.0,uint64,0,18446744073709551615,18446744073709551615,1639063,546354.3333333334,25886.547141109586,564970,509747,net_write,B,1.0,uint64,0,18446744073709551615,18446744073709551615,161229,53743.0,1093.6693589319702,54855,52256,dram_mem,B,1.0,uint64,0,18446744073709551615,18446744073709551615,19490334019,6496778006.333333,13700418.196950058,6510559259,6478092890,disk_write,B,1.0,uint64,0,18446744073709551615,18446744073709551615,2472440832,824146944.0,169052940.23918316,1049520128,642369536,disk_read,B,1.0,uint64,0,18446744073709551615,18446744073709551615,874496,291498.6666666667,377667.09400152345,825344,10240,money,,1.0,float32,0.0,3.4028234663852886e+38,0.0,0.0016909428663465713,0.0005636476221155237,3.2423056697896837e-06,0.0005681174531521268,0.0005605271124674479,co2,g,1.0,float32,0.0,3.4028234663852886e+38,0.0,2.173103443739149,0.7243678145797164,0.004166826542104335,0.7301121867947048,0.7203575133463541
25,1_200_0.01_0_8192_POW_A_2000.csv_POW_B_1_2000.csv,encoding_data_5.0,1,,,True,2026-04-01T20:21:27.848545,2026-04-01T20:21:27.848545,runtime,s,1.0,float32,0.0,3.4028234663852886e+38,-1.0,72.58061408996582,24.193538029988606,0.1737024845457461,24.422176361083984,24.001422882080078,energy,J,1.0,float32,0.0,3.4028234663852886e+38,-1.0,2989.2391967773438,996.4130655924479,3.058794909120357,999.8446655273438,992.4163818359375,power,W,1.0,float32,0.0,3.4028234663852886e+38,-1.0,123.70800018310547,41.236000061035156,0.16090370827555944,41.377960205078125,41.01100540161133,cpu_energy,J,1.0,float32,0.0,3.4028234663852886e+38,-1.0,2989.2392578125,996.4130859375,3.0587947368621826,999.8446655273438,992.4163818359375,cpu_power,W,1.0,float32,0.0,3.4028234663852886e+38,-1.0,123.70799255371094,41.23599624633789,0.1609037071466446,41.377960205078125,41.01100540161133,cpu_util,%,1.0,float32,0.0,100.0,-1.0,22.180307388305664,7.393435955047607,0.013136339373886585,7.411538124084473,7.380768775939941,net_read,B,1.0,uint64,0,18446744073709551615,18446744073709551615,252691,84230.33333333333,1803.4977743879315,86780,82898,net_write,B,1.0,uint64,0,18446744073709551615,18446744073709551615,26784,8928.0,542.7510171954233,9522,8210,dram_mem,B,1.0,uint64,0,18446744073709551615,18446744073709551615,16647123119,5549041039.666667,30974997.479410138,5585347051,5509661144,disk_write,B,1.0,uint64,0,18446744073709551615,18446744073709551615,220369920,73456640.0,86225775.38974869,194666496,1299456,disk_read,B,1.0,uint64,0,18446744073709551615,18446744073709551615,2882560,960853.3333333334,1356679.6478278216,2879488,1024,money,,1.0,float32,0.0,3.4028234663852886e+38,0.0,0.00026994490635342064,8.998163545114021e-05,2.7622617359862446e-07,9.02915279897054e-05,8.962071270412868e-05,co2,g,1.0,float32,0.0,3.4028234663852886e+38,0.0,0.34691781567043734,0.11563927189014578,0.00035499014250846934,0.11603752812703451,0.11517543453640408
26,1_100_0.1_0_8192_POW_A_5000.csv_POW_B_1_5000.csv,encoding_data_5.0,1,,,True,2026-04-01T17:08:11.767443,2026-04-01T17:08:11.767443,runtime,s,1.0,float32,0.0,3.4028234663852886e+38,-1.0,208.18437957763672,69.39479319254558,0.15468240865770697,69.60887145996094,69.24879455566406,energy,J,1.0,float32,0.0,3.4028234663852886e+38,-1.0,7661.53857421875,2553.84619140625,2.9007221755973,2555.931396484375,2549.744140625,power,W,1.0,float32,0.0,3.4028234663852886e+38,-1.0,110.3172607421875,36.772420247395836,0.07464347659479076,36.87131881713867,36.69100570678711,cpu_energy,J,1.0,float32,0.0,3.4028234663852886e+38,-1.0,7661.5390625,2553.846435546875,2.900722026824951,2555.931396484375,2549.744140625,cpu_power,W,1.0,float32,0.0,3.4028234663852886e+38,-1.0,110.3172607421875,36.77241897583008,0.07464347779750824,36.87131881713867,36.69100570678711,cpu_util,%,1.0,float32,0.0,100.0,-1.0,13.767605781555176,4.589201927185059,0.010869123972952366,4.604225158691406,4.578873634338379,net_read,B,1.0,uint64,0,18446744073709551615,18446744073709551615,908610,302870.0,14176.912381286225,322087,288311,net_write,B,1.0,uint64,0,18446744073709551615,18446744073709551615,76516,25505.333333333332,342.9920634002419,25930,25090,dram_mem,B,1.0,uint64,0,18446744073709551615,18446744073709551615,19660176137,6553392045.666667,30060049.8037361,6595414506,6526813544,disk_write,B,1.0,uint64,0,18446744073709551615,18446744073709551615,2192868864,730956288.0,391687147.32249373,1095269376,187433984,disk_read,B,1.0,uint64,0,18446744073709551615,18446744073709551615,93696,31232.0,33815.26471876274,78848,3584,money,,1.0,float32,0.0,3.4028234663852886e+38,0.0,0.0006918794973551432,0.0002306264991183811,2.619513275796318e-07,0.00023081480472140844,0.0002302560611436632,co2,g,1.0,float32,0.0,3.4028234663852886e+38,0.0,0.8891641156412762,0.29638803854709206,0.0003366449236012676,0.2966300381808811,0.29591197276475695
27,1_100_0.1_0.01_8192_POW_A_2000.csv_POW_B_1_2000.csv,encoding_data_5.0,1,,,True,2026-04-01T18:09:59.557205,2026-04-01T18:09:59.557205,runtime,s,1.0,float32,0.0,3.4028234663852886e+38,-1.0,32.699692726135254,10.899897575378418,0.1480971523102063,11.1083984375,10.778480529785156,energy,J,1.0,float32,0.0,3.4028234663852886e+38,-1.0,1189.9127197265625,396.6375732421875,0.9348508980993299,397.93878173828125,395.7843322753906,power,W,1.0,float32,0.0,3.4028234663852886e+38,-1.0,109.37762069702148,36.459206899007164,0.32625006329882145,36.731422424316406,36.00048065185547,cpu_energy,J,1.0,float32,0.0,3.4028234663852886e+38,-1.0,1189.9127197265625,396.6375732421875,0.9348508715629578,397.93878173828125,395.7843322753906,cpu_power,W,1.0,float32,0.0,3.4028234663852886e+38,-1.0,109.37761688232422,36.459205627441406,0.3262500762939453,36.731422424316406,36.00048065185547,cpu_util,%,1.0,float32,0.0,100.0,-1.0,13.80512809753418,4.601709365844727,0.02598763443529606,4.638461112976074,4.583332538604736,net_read,B,1.0,uint64,0,18446744073709551615,18446744073709551615,117791,39263.666666666664,2334.1142978773673,42562,37501,net_write,B,1.0,uint64,0,18446744073709551615,18446744073709551615,14384,4794.666666666667,607.2480730494106,5236,3936,dram_mem,B,1.0,uint64,0,18446744073709551615,18446744073709551615,16232896747,5410965582.333333,84156389.70590822,5513584981,5307450604,disk_write,B,1.0,uint64,0,18446744073709551615,18446744073709551615,463033344,154344448.0,213992707.03910592,456957952,188416,disk_read,B,1.0,uint64,0,18446744073709551615,18446744073709551615,1849344,616448.0,864554.8172202077,1839104,1024,money,,1.0,float32,0.0,3.4028234663852886e+38,0.0,0.00010745572921752929,3.5818576405843095e-05,8.442222971447029e-08,3.5936082761976454e-05,3.5741524006313745e-05,co2,g,1.0,float32,0.0,3.4028234663852886e+38,0.0,0.1380959817504883,0.04603199391682943,0.00010849464034052695,0.0461830063917372,0.04593297056240506
28,1_200_0.01_0.01_8192_POW_A_2000.csv_POW_B_1_2000.csv,encoding_data_5.0,1,,,True,2026-04-01T22:38:12.884770,2026-04-01T22:38:12.884770,runtime,s,1.0,float32,0.0,3.4028234663852886e+38,-1.0,73.70415306091309,24.568051020304363,0.3640366780356171,25.029827117919922,24.140043258666992,energy,J,1.0,float32,0.0,3.4028234663852886e+38,-1.0,3070.2100830078125,1023.4033610026041,9.87935638826776,1035.206787109375,1011.0277099609375,power,W,1.0,float32,0.0,3.4028234663852886e+38,-1.0,125.33401489257812,41.77800496419271,0.20665910562969386,42.03382873535156,41.5277099609375,cpu_energy,J,1.0,float32,0.0,3.4028234663852886e+38,-1.0,3070.2099609375,1023.4033203125,9.879356384277344,1035.206787109375,1011.0277099609375,cpu_power,W,1.0,float32,0.0,3.4028234663852886e+38,-1.0,125.33401489257812,41.77800369262695,0.20665912330150604,42.03382873535156,41.5277099609375,cpu_util,%,1.0,float32,0.0,100.0,-1.0,22.10869026184082,7.369563579559326,0.008473641239106655,7.376923084259033,7.357693195343018,net_read,B,1.0,uint64,0,18446744073709551615,18446744073709551615,252876,84292.0,8235.212363179633,95862,77354,net_write,B,1.0,uint64,0,18446744073709551615,18446744073709551615,36271,12090.333333333334,4154.653161082028,17953,8822,dram_mem,B,1.0,uint64,0,18446744073709551615,18446744073709551615,16701661935,5567220645.0,30692444.4147077,5607813907,5533613134,disk_write,B,1.0,uint64,0,18446744073709551615,18446744073709551615,519238656,173079552.0,132677327.5873679,323567616,779264,disk_read,B,1.0,uint64,0,18446744073709551615,18446744073709551615,3464192,1154730.6666666667,1630863.591236114,3461120,1024,money,,1.0,float32,0.0,3.4028234663852886e+38,0.0,0.00027725702721828887,9.241900907276295e-05,8.921607671738484e-07,9.348492402479384e-05,9.130141903008355e-05,co2,g,1.0,float32,0.0,3.4028234663852886e+38,0.0,0.35631493685574,0.11877164561858,0.0011465541941717392,0.12014149879286025,0.1173353825615777
29,1_100_0.1_0.01_8192_POW_A_20000.csv_POW_B_1_20000.csv,encoding_data_5.0,1,,,True,2026-04-01T18:14:27.972876,2026-04-01T18:14:27.972876,runtime,s,1.0,float32,0.0,3.4028234663852886e+38,-1.0,3529.9864501953125,1176.6621500651042,37.795381232165994,1227.6156005859375,1137.20166015625,energy,J,1.0,float32,0.0,3.4028234663852886e+38,-1.0,132518.09765625,44172.69921875,1946.993779735951,46366.4609375,41634.73046875,power,W,1.0,float32,0.0,3.4028234663852886e+38,-1.0,112.68493270874023,37.56164423624674,1.5956095446213923,39.809024810791016,36.26212692260742,cpu_energy,J,1.0,float32,0.0,3.4028234663852886e+38,-1.0,132518.09375,44172.69921875,1946.9937744140625,46366.4609375,41634.73046875,cpu_power,W,1.0,float32,0.0,3.4028234663852886e+38,-1.0,112.6849365234375,37.5616455078125,1.5956095457077026,39.809024810791016,36.26212692260742,cpu_util,%,1.0,float32,0.0,100.0,-1.0,15.243013381958008,5.081004619598389,0.6637668609619141,6.01970911026001,4.6095194816589355,net_read,B,1.0,uint64,0,18446744073709551615,18446744073709551615,27478422,9159474.0,6955235.69204912,18995043,4146075,net_write,B,1.0,uint64,0,18446744073709551615,18446744073709551615,7458450,2486150.0,2761624.6114883176,6391013,471353,dram_mem,B,1.0,uint64,0,18446744073709551615,18446744073709551615,101503862190,33834620730.0,2276710590.806377,36316555858,30817388775,disk_write,B,1.0,uint64,0,18446744073709551615,18446744073709551615,52750571008,17583523669.333332,567194738.6315088,18193104896,16827210240,disk_read,B,1.0,uint64,0,18446744073709551615,18446744073709551615,372616192,124205397.33333333,170042348.7718169,364679680,3137536,money,,1.0,float32,0.0,3.4028234663852886e+38,0.0,0.011967120430013021,0.0039890401433376734,0.0001758243549422662,0.004187149014105903,0.003759847465386285,co2,g,1.0,float32,0.0,3.4028234663852886e+38,0.0,15.379461444661459,5.126487148220487,0.22595944477046662,5.381085383246528,4.831941774956598
30,1_200_0.1_0_8192_POW_A_2000.csv_POW_B_1_2000.csv,encoding_data_5.0,1,,,True,2026-04-02T03:12:23.614610,2026-04-02T03:12:23.614610,runtime,s,1.0,float32,0.0,3.4028234663852886e+38,-1.0,47.148420333862305,15.716140111287435,0.0979350155510538,15.795195579528809,15.578125953674316,energy,J,1.0,float32,0.0,3.4028234663852886e+38,-1.0,2006.420166015625,668.8067220052084,2.5687304357248757,672.2849731445312,666.159912109375,power,W,1.0,float32,0.0,3.4028234663852886e+38,-1.0,127.6401138305664,42.546704610188804,0.3020101423216736,42.86553955078125,42.141170501708984,cpu_energy,J,1.0,float32,0.0,3.4028234663852886e+38,-1.0,2006.420166015625,668.8067016601562,2.568730354309082,672.2849731445312,666.159912109375,cpu_power,W,1.0,float32,0.0,3.4028234663852886e+38,-1.0,127.64012145996094,42.54670715332031,0.3020101487636566,42.86553955078125,42.141170501708984,cpu_util,%,1.0,float32,0.0,100.0,-1.0,22.035293579101562,7.34509801864624,0.0073366835713386536,7.352941036224365,7.335293769836426,net_read,B,1.0,uint64,0,18446744073709551615,18446744073709551615,167007,55669.0,4197.124968356316,61371,51390,net_write,B,1.0,uint64,0,18446744073709551615,18446744073709551615,16076,5358.666666666667,227.27565250642712,5538,5038,dram_mem,B,1.0,uint64,0,18446744073709551615,18446744073709551615,17265727125,5755242375.0,74596366.89746569,5855751710,5677232850,disk_write,B,1.0,uint64,0,18446744073709551615,18446744073709551615,193800192,64600064.0,91238819.55554862,193631232,45056,disk_read,B,1.0,uint64,0,18446744073709551615,18446744073709551615,196608,65536.0,69072.57632374806,162816,9216,money,,1.0,float32,0.0,3.4028234663852886e+38,0.0,0.00018119088776991102,6.039696258997034e-05,2.3197062907059928e-07,6.071106799146864e-05,6.0157940951877166e-05,co2,g,1.0,float32,0.0,3.4028234663852886e+38,0.0,0.23285620704481338,0.07761873568160446,0.0002981154377905127,0.07802240604994032,0.07731155868869358
31,1_200_0.01_0.1_8192_POW_A_20000.csv_POW_B_1_20000.csv,encoding_data_5.0,1,,,True,2026-04-02T01:05:33.383766,2026-04-02T01:05:33.383766,runtime,s,1.0,float32,0.0,3.4028234663852886e+38,-1.0,7596.229248046875,2532.076416015625,180.89431273122847,2787.756103515625,2396.81689453125,energy,J,1.0,float32,0.0,3.4028234663852886e+38,-1.0,317941.9609375,105980.65364583333,6511.760035425552,115187.8046875,101216.4375,power,W,1.0,float32,0.0,3.4028234663852886e+38,-1.0,125.65544128417969,41.88514709472656,0.4022022473079542,42.23051834106445,41.321067810058594,cpu_energy,J,1.0,float32,0.0,3.4028234663852886e+38,-1.0,317941.96875,105980.65625,6511.76025390625,115187.8046875,101216.4375,cpu_power,W,1.0,float32,0.0,3.4028234663852886e+38,-1.0,125.65544128417969,41.88514709472656,0.4022022485733032,42.23051834106445,41.321067810058594,cpu_util,%,1.0,float32,0.0,100.0,-1.0,22.182165145874023,7.394054889678955,0.008407693356275558,7.405665874481201,7.386030673980713,net_read,B,1.0,uint64,0,18446744073709551615,18446744073709551615,27943215,9314405.0,520179.0370273168,10043283,8863757,net_write,B,1.0,uint64,0,18446744073709551615,18446744073709551615,3211172,1070390.6666666667,145148.16618966367,1253829,898892,dram_mem,B,1.0,uint64,0,18446744073709551615,18446744073709551615,93621851230,31207283743.333332,3193780642.675426,33470412617,26690599225,disk_write,B,1.0,uint64,0,18446744073709551615,18446744073709551615,54004164608,18001388202.666668,333731996.2474237,18405144576,17587847168,disk_read,B,1.0,uint64,0,18446744073709551615,18446744073709551615,29858816,9952938.666666666,5887863.559076152,16555520,2257920,money,,1.0,float32,0.0,3.4028234663852886e+38,0.0,0.02871192541688368,0.009570641805627894,0.0005880481076435687,0.010402098695529514,0.009140406619791666,co2,g,1.0,float32,0.0,3.4028234663852886e+38,0.0,36.89893091102431,12.299643637008103,0.7557259285557771,13.36818466623264,11.746729885416666
32,1_100_0.1_0_8192_POW_A_2000.csv_POW_B_1_2000.csv,encoding_data_5.0,1,,,True,2026-04-01T17:07:25.729031,2026-04-01T17:07:25.729031,runtime,s,1.0,float32,0.0,3.4028234663852886e+38,-1.0,32.4950590133667,10.8316863377889,0.11542007187670743,10.992958068847656,10.729227066040039,energy,J,1.0,float32,0.0,3.4028234663852886e+38,-1.0,1200.1660461425781,400.0553487141927,3.472553453895446,404.9588317871094,397.36944580078125,power,W,1.0,float32,0.0,3.4028234663852886e+38,-1.0,110.76397323608398,36.92132441202799,0.11767001987623893,37.08735275268555,36.828548431396484,cpu_energy,J,1.0,float32,0.0,3.4028234663852886e+38,-1.0,1200.166015625,400.0553283691406,3.4725534915924072,404.9588317871094,397.36944580078125,cpu_power,W,1.0,float32,0.0,3.4028234663852886e+38,-1.0,110.76397705078125,36.92132568359375,0.11767002195119858,37.08735275268555,36.828548431396484,cpu_util,%,1.0,float32,0.0,100.0,-1.0,13.741666793823242,4.580555438995361,0.010393759235739708,4.5916666984558105,4.566666126251221,net_read,B,1.0,uint64,0,18446744073709551615,18446744073709551615,150611,50203.666666666664,8410.88502411541,59914,39399,net_write,B,1.0,uint64,0,18446744073709551615,18446744073709551615,12774,4258.0,692.1348616177823,4918,3302,dram_mem,B,1.0,uint64,0,18446744073709551615,18446744073709551615,16185293823,5395097941.0,27908896.80785892,5428119210,5359864149,disk_write,B,1.0,uint64,0,18446744073709551615,18446744073709551615,9176064,3058688.0,2583356.297515824,6660096,726016,disk_read,B,1.0,uint64,0,18446744073709551615,18446744073709551615,1607680,535893.3333333334,757143.6580505855,1606656,0,money,,1.0,float32,0.0,3.4028234663852886e+38,0.0,0.00010838166155582004,3.612722051860668e-05,3.135908688503943e-07,3.657003228166369e-05,3.588466856384277e-05,co2,g,1.0,float32,0.0,3.4028234663852886e+38,0.0,0.1392859372439914,0.046428645747997134,0.00040300912028820075,0.04699772220018175,0.04611693179321289
33,1_100_0.01_0_8192_POW_A_5000.csv_POW_B_1_5000.csv,encoding_data_5.0,1,,,True,2026-04-01T12:59:06.891034,2026-04-01T12:59:06.891034,runtime,s,1.0,float32,0.0,3.4028234663852886e+38,-1.0,276.07435607910156,92.02478535970052,0.6365640427787883,92.8528823852539,91.30493927001953,energy,J,1.0,float32,0.0,3.4028234663852886e+38,-1.0,10198.397216796875,3399.4657389322915,35.27890984964477,3448.798583984375,3368.34912109375,power,W,1.0,float32,0.0,3.4028234663852886e+38,-1.0,110.80977630615234,36.93659210205078,0.14878286662809775,37.13319778442383,36.773372650146484,cpu_energy,J,1.0,float32,0.0,3.4028234663852886e+38,-1.0,10198.396484375,3399.465576171875,35.278907775878906,3448.798583984375,3368.34912109375,cpu_power,W,1.0,float32,0.0,3.4028234663852886e+38,-1.0,110.80977630615234,36.93659210205078,0.1487828642129898,37.13319778442383,36.773372650146484,cpu_util,%,1.0,float32,0.0,100.0,-1.0,14.175359725952148,4.7251200675964355,0.11775850504636765,4.891489028930664,4.635483741760254,net_read,B,1.0,uint64,0,18446744073709551615,18446744073709551615,1817006,605668.6666666666,34859.17181396534,650286,565202,net_write,B,1.0,uint64,0,18446744073709551615,18446744073709551615,458084,152694.66666666666,162275.96741627788,382184,36846,dram_mem,B,1.0,uint64,0,18446744073709551615,18446744073709551615,19513106617,6504368872.333333,26265708.899602365,6539340821,6476040698,disk_write,B,1.0,uint64,0,18446744073709551615,18446744073709551615,2559440896,853146965.3333334,365443433.69804966,1114050560,336339968,disk_read,B,1.0,uint64,0,18446744073709551615,18446744073709551615,1175552,391850.6666666667,470933.3831030551,1057792,51200,money,,1.0,float32,0.0,3.4028234663852886e+38,0.0,0.0009209719264390733,0.0003069906421463578,3.185881553366534e-06,0.0003114456721259223,0.00030418063868543834,co2,g,1.0,float32,0.0,3.4028234663852886e+38,0.0,1.1835806547715928,0.3945268849238643,0.004094313481994898,0.40025223566352,0.3909156285536024
34,1_100_0.01_0.1_8192_POW_A_2000.csv_POW_B_1_2000.csv,encoding_data_5.0,1,,,True,2026-04-01T15:44:42.189604,2026-04-01T15:44:42.189604,runtime,s,1.0,float32,0.0,3.4028234663852886e+38,-1.0,44.55575370788574,14.85191790262858,0.1314859771361242,15.031057357788086,14.71916675567627,energy,J,1.0,float32,0.0,3.4028234663852886e+38,-1.0,1634.1935424804688,544.7311808268229,4.814147496232328,550.8921508789062,539.1415405273438,power,W,1.0,float32,0.0,3.4028234663852886e+38,-1.0,110.29846572875977,36.76615524291992,0.24044022327862327,37.013240814208984,36.440303802490234,cpu_energy,J,1.0,float32,0.0,3.4028234663852886e+38,-1.0,1634.193603515625,544.731201171875,4.814147472381592,550.8921508789062,539.1415405273438,cpu_power,W,1.0,float32,0.0,3.4028234663852886e+38,-1.0,110.2984619140625,36.76615524291992,0.2404402196407318,37.013240814208984,36.440303802490234,cpu_util,%,1.0,float32,0.0,100.0,-1.0,13.94963264465332,4.649877548217773,0.04033450037240982,4.705882549285889,4.612500190734863,net_read,B,1.0,uint64,0,18446744073709551615,18446744073709551615,330064,110021.33333333333,12803.623063631463,126842,95806,net_write,B,1.0,uint64,0,18446744073709551615,18446744073709551615,20957,6985.666666666667,741.2837213615011,7809,6012,dram_mem,B,1.0,uint64,0,18446744073709551615,18446744073709551615,16239068928,5413022976.0,25732693.644750264,5448581120,5388537856,disk_write,B,1.0,uint64,0,18446744073709551615,18446744073709551615,477528064,159176021.33333334,114983914.80617774,288059392,8863744,disk_read,B,1.0,uint64,0,18446744073709551615,18446744073709551615,357376,119125.33333333333,162710.41719843537,349184,0,money,,1.0,float32,0.0,3.4028234663852886e+38,0.0,0.0001475767557390001,4.919225191300003e-05,4.347442641736461e-07,4.974862173631456e-05,4.8687476340399846e-05,co2,g,1.0,float32,0.0,3.4028234663852886e+38,0.0,0.18965723945787216,0.06321907981929072,0.0005587085622016247,0.06393409462144639,0.06257037100897896
35,1_200_0.01_0.01_8192_POW_A_20000.csv_POW_B_1_20000.csv,encoding_data_5.0,1,,,True,2026-04-01T22:47:22.846204,2026-04-01T22:47:22.846204,runtime,s,1.0,float32,0.0,3.4028234663852886e+38,-1.0,7722.869873046875,2574.2899576822915,147.99213293702263,2783.379150390625,2461.758544921875,energy,J,1.0,float32,0.0,3.4028234663852886e+38,-1.0,322175.234375,107391.74479166667,5209.43484118148,114754.5234375,103488.015625,power,W,1.0,float32,0.0,3.4028234663852886e+38,-1.0,125.22021102905273,41.74007034301758,0.36053778876174547,42.03935623168945,41.232933044433594,cpu_energy,J,1.0,float32,0.0,3.4028234663852886e+38,-1.0,322175.21875,107391.7421875,5209.43505859375,114754.5234375,103488.015625,cpu_power,W,1.0,float32,0.0,3.4028234663852886e+38,-1.0,125.22021484375,41.74007034301758,0.3605377972126007,42.03935623168945,41.232933044433594,cpu_util,%,1.0,float32,0.0,100.0,-1.0,22.193016052246094,7.397672176361084,0.0044904532842338085,7.404021739959717,7.394433498382568,net_read,B,1.0,uint64,0,18446744073709551615,18446744073709551615,28556970,9518990.0,358478.3003316472,9839718,9018611,net_write,B,1.0,uint64,0,18446744073709551615,18446744073709551615,3341971,1113990.3333333333,57035.60718436237,1179821,1040710,dram_mem,B,1.0,uint64,0,18446744073709551615,18446744073709551615,88695601362,29565200454.0,2029230472.3048856,31080768269,26696976992,disk_write,B,1.0,uint64,0,18446744073709551615,18446744073709551615,53148325376,17716108458.666668,383805819.627696,18073845248,17183716864,disk_read,B,1.0,uint64,0,18446744073709551615,18446744073709551615,34725376,11575125.333333334,4238501.516083039,17490432,7778304,money,,1.0,float32,0.0,3.4028234663852886e+38,0.0,0.029094213526475694,0.009698071175491898,0.00047044090746336083,0.010362970991536458,0.009345542744357638,co2,g,1.0,float32,0.0,3.4028234663852886e+38,0.0,37.39022581163194,12.463408603877314,0.6045838546237843,13.317899970052084,12.010359146701388
